[{"model": "admin.logentry", "pk": 1, "fields": {"action_time": "2025-10-25T12:20:32.085Z", "user": 2, "content_type": 11, "object_id": "1", "object_repr": "Hello world", "action_flag": 1, "change_message": "[{\"added\": {}}]"}}, {"model": "admin.logentry", "pk": 2, "fields": {"action_time": "2025-10-25T12:20:43.797Z", "user": 2, "content_type": 11, "object_id": "2", "object_repr": "Ponnar", "action_flag": 1, "change_message": "[{\"added\": {}}]"}}, {"model": "admin.logentry", "pk": 3, "fields": {"action_time": "2025-10-25T12:21:43.623Z", "user": 2, "content_type": 10, "object_id": "1", "object_repr": "Hello world test@gmail.com", "action_flag": 1, "change_message": "[{\"added\": {}}]"}}, {"model": "auth.permission", "pk": 1, "fields": {"name": "Can add log entry", "content_type": 1, "codename": "add_logentry"}}, {"model": "auth.permission", "pk": 2, "fields": {"name": "Can change log entry", "content_type": 1, "codename": "change_logentry"}}, {"model": "auth.permission", "pk": 3, "fields": {"name": "Can delete log entry", "content_type": 1, "codename": "delete_logentry"}}, {"model": "auth.permission", "pk": 4, "fields": {"name": "Can view log entry", "content_type": 1, "codename": "view_logentry"}}, {"model": "auth.permission", "pk": 5, "fields": {"name": "Can add permission", "content_type": 2, "codename": "add_permission"}}, {"model": "auth.permission", "pk": 6, "fields": {"name": "Can change permission", "content_type": 2, "codename": "change_permission"}}, {"model": "auth.permission", "pk": 7, "fields": {"name": "Can delete permission", "content_type": 2, "codename": "delete_permission"}}, {"model": "auth.permission", "pk": 8, "fields": {"name": "Can view permission", "content_type": 2, "codename": "view_permission"}}, {"model": "auth.permission", "pk": 9, "fields": {"name": "Can add group", "content_type": 3, "codename": "add_group"}}, {"model": "auth.permission", "pk": 10, "fields": {"name": "Can change group", "content_type": 3, "codename": "change_group"}}, {"model": "auth.permission", "pk": 11, "fields": {"name": "Can delete group", "content_type": 3, "codename": "delete_group"}}, {"model": "auth.permission", "pk": 12, "fields": {"name": "Can view group", "content_type": 3, "codename": "view_group"}}, {"model": "auth.permission", "pk": 13, "fields": {"name": "Can add content type", "content_type": 4, "codename": "add_contenttype"}}, {"model": "auth.permission", "pk": 14, "fields": {"name": "Can change content type", "content_type": 4, "codename": "change_contenttype"}}, {"model": "auth.permission", "pk": 15, "fields": {"name": "Can delete content type", "content_type": 4, "codename": "delete_contenttype"}}, {"model": "auth.permission", "pk": 16, "fields": {"name": "Can view content type", "content_type": 4, "codename": "view_contenttype"}}, {"model": "auth.permission", "pk": 17, "fields": {"name": "Can add session", "content_type": 5, "codename": "add_session"}}, {"model": "auth.permission", "pk": 18, "fields": {"name": "Can change session", "content_type": 5, "codename": "change_session"}}, {"model": "auth.permission", "pk": 19, "fields": {"name": "Can delete session", "content_type": 5, "codename": "delete_session"}}, {"model": "auth.permission", "pk": 20, "fields": {"name": "Can view session", "content_type": 5, "codename": "view_session"}}, {"model": "auth.permission", "pk": 21, "fields": {"name": "Can add Token", "content_type": 6, "codename": "add_token"}}, {"model": "auth.permission", "pk": 22, "fields": {"name": "Can change Token", "content_type": 6, "codename": "change_token"}}, {"model": "auth.permission", "pk": 23, "fields": {"name": "Can delete Token", "content_type": 6, "codename": "delete_token"}}, {"model": "auth.permission", "pk": 24, "fields": {"name": "Can view Token", "content_type": 6, "codename": "view_token"}}, {"model": "auth.permission", "pk": 25, "fields": {"name": "Can add Token", "content_type": 7, "codename": "add_tokenproxy"}}, {"model": "auth.permission", "pk": 26, "fields": {"name": "Can change Token", "content_type": 7, "codename": "change_tokenproxy"}}, {"model": "auth.permission", "pk": 27, "fields": {"name": "Can delete Token", "content_type": 7, "codename": "delete_tokenproxy"}}, {"model": "auth.permission", "pk": 28, "fields": {"name": "Can view Token", "content_type": 7, "codename": "view_tokenproxy"}}, {"model": "auth.permission", "pk": 29, "fields": {"name": "Can add custom user", "content_type": 8, "codename": "add_customuser"}}, {"model": "auth.permission", "pk": 30, "fields": {"name": "Can change custom user", "content_type": 8, "codename": "change_customuser"}}, {"model": "auth.permission", "pk": 31, "fields": {"name": "Can delete custom user", "content_type": 8, "codename": "delete_customuser"}}, {"model": "auth.permission", "pk": 32, "fields": {"name": "Can view custom user", "content_type": 8, "codename": "view_customuser"}}, {"model": "auth.permission", "pk": 33, "fields": {"name": "Can add role", "content_type": 9, "codename": "add_role"}}, {"model": "auth.permission", "pk": 34, "fields": {"name": "Can change role", "content_type": 9, "codename": "change_role"}}, {"model": "auth.permission", "pk": 35, "fields": {"name": "Can delete role", "content_type": 9, "codename": "delete_role"}}, {"model": "auth.permission", "pk": 36, "fields": {"name": "Can view role", "content_type": 9, "codename": "view_role"}}, {"model": "auth.permission", "pk": 37, "fields": {"name": "Can add hostel membership", "content_type": 10, "codename": "add_hostelmembership"}}, {"model": "auth.permission", "pk": 38, "fields": {"name": "Can change hostel membership", "content_type": 10, "codename": "change_hostelmembership"}}, {"model": "auth.permission", "pk": 39, "fields": {"name": "Can delete hostel membership", "content_type": 10, "codename": "delete_hostelmembership"}}, {"model": "auth.permission", "pk": 40, "fields": {"name": "Can view hostel membership", "content_type": 10, "codename": "view_hostelmembership"}}, {"model": "auth.permission", "pk": 41, "fields": {"name": "Can add hostel", "content_type": 11, "codename": "add_hostel"}}, {"model": "auth.permission", "pk": 42, "fields": {"name": "Can change hostel", "content_type": 11, "codename": "change_hostel"}}, {"model": "auth.permission", "pk": 43, "fields": {"name": "Can delete hostel", "content_type": 11, "codename": "delete_hostel"}}, {"model": "auth.permission", "pk": 44, "fields": {"name": "Can view hostel", "content_type": 11, "codename": "view_hostel"}}, {"model": "contenttypes.contenttype", "pk": 1, "fields": {"app_label": "admin", "model": "logentry"}}, {"model": "contenttypes.contenttype", "pk": 2, "fields": {"app_label": "auth", "model": "permission"}}, {"model": "contenttypes.contenttype", "pk": 3, "fields": {"app_label": "auth", "model": "group"}}, {"model": "contenttypes.contenttype", "pk": 4, "fields": {"app_label": "contenttypes", "model": "contenttype"}}, {"model": "contenttypes.contenttype", "pk": 5, "fields": {"app_label": "sessions", "model": "session"}}, {"model": "contenttypes.contenttype", "pk": 6, "fields": {"app_label": "authtoken", "model": "token"}}, {"model": "contenttypes.contenttype", "pk": 7, "fields": {"app_label": "authtoken", "model": "tokenproxy"}}, {"model": "contenttypes.contenttype", "pk": 8, "fields": {"app_label": "users", "model": "customuser"}}, {"model": "contenttypes.contenttype", "pk": 9, "fields": {"app_label": "users", "model": "role"}}, {"model": "contenttypes.contenttype", "pk": 10, "fields": {"app_label": "users", "model": "hostelmembership"}}, {"model": "contenttypes.contenttype", "pk": 11, "fields": {"app_label": "hostels", "model": "hostel"}}, {"model": "sessions.session", "pk": "y2srybh7gjqyhlac3hlqbm5b9gcje4py", "fields": {"session_data": ".eJxVjDsOwjAQBe_iGln-rD-hpM8Zol2vjQPIkeKkQtwdRUoB7ZuZ9xYT7lud9p7XaWZxFUZcfjfC9MztAPzAdl9kWtq2ziQPRZ60y3Hh_Lqd7t9BxV6PWlEIEY0pEUA5hZnB5-CdAWs1WqZEYHQB7WnAUhSws4NXznqOkaz4fAHPPTc3:1vCdFj:z1QKXOiqIHXBMJTGBKA685pFECXoG3W-C00rbFRpEkQ", "expire_date": "2025-11-08T12:20:11.651Z"}}, {"model": "authtoken.token", "pk": "4ecf4068450b7618489058a27a2beb5219b9698e", "fields": {"user": 2, "created": "2025-10-25T12:33:12.415Z"}}, {"model": "users.role", "pk": 1, "fields": {"name": "Warden"}}, {"model": "users.role", "pk": 2, "fields": {"name": "Floor Warden"}}, {"model": "users.role", "pk": 3, "fields": {"name": "Caretaker"}}, {"model": "users.role", "pk": 4, "fields": {"name": "User"}}, {"model": "users.customuser", "pk": 1, "fields": {"password": "pbkdf2_sha256$600000$8qmQLLD6m6IDnqdU7q424E$qLXB6ylt8dDs/z95LsB6eEM7rbCXkkjGACrHrFUYYxk=", "last_login": null, "email": "test@gmail.com", "name": "", "phone_number": "", "role": 4, "is_new": true, "is_active": true, "is_staff": true, "is_superuser": true, "date_joined": "2025-10-25T10:03:40.344Z", "groups": [], "user_permissions": []}}, {"model": "users.customuser", "pk": 2, "fields": {"password": "pbkdf2_sha256$600000$X324L6vcK5rtaVvgM93f6j$qc1SGQCtQsirpTzgVkq1iSAGYxCaXTpcIgMTgLKaJrY=", "last_login": "2025-10-25T12:20:11.648Z", "email": "test123@gmail.com", "name": "Sanjay R", "phone_number": "9487171248", "role": 1, "is_new": true, "is_active": true, "is_staff": true, "is_superuser": true, "date_joined": "2025-10-25T10:04:33Z", "groups": [], "user_permissions": []}}, {"model": "users.customuser", "pk": 3, "fields": {"password": "pbkdf2_sha256$600000$vcB5jDY0yAcYcylFwciLlj$HGZshWVOwRJdPjiv/+Q9L3U6k+Dk1rx2Y3UGudLFtX0=", "last_login": null, "email": "helloworld@gmail.com", "name": "hello world", "phone_number": "2323232311", "role": 1, "is_new": true, "is_active": true, "is_staff": false, "is_superuser": false, "date_joined": "2025-10-25T12:28:14.901Z", "groups": [], "user_permissions": []}}, {"model": "users.customuser", "pk": 4, "fields": {"password": "pbkdf2_sha256$600000$WnpzyhCKDBw6GROGDtYe0l$Y9XbdLWb4j/d6C5fwacDDMmhC6RzXWMRov2oI236f/0=", "last_login": null, "email": "helloworld123@gmail.com", "name": "hello world", "phone_number": "2323232311", "role": 1, "is_new": true, "is_active": true, "is_staff": false, "is_superuser": false, "date_joined": "2025-10-25T12:29:05.901Z", "groups": [], "user_permissions": []}}, {"model": "users.customuser", "pk": 5, "fields": {"password": "pbkdf2_sha256$600000$FJVJEpvwGJIoOSZh2MXXbm$FHA23YCY3f08Rnz8blYjCnojnONSbGxBrCWm126tbMQ=", "last_login": null, "email": "test12345@gmail.com", "name": "test123", "phone_number": "9321312312", "role": 2, "is_new": true, "is_active": true, "is_staff": false, "is_superuser": false, "date_joined": "2025-10-25T13:29:13.646Z", "groups": [], "user_permissions": []}}, {"model": "users.customuser", "pk": 6, "fields": {"password": "pbkdf2_sha256$600000$QEiFRVa2DDz7wh6LyB3Rxp$b6cyZIuRZsvXYPXIVqQhag2dMkWLAgFBSNQ+8C9IeT4=", "last_login": null, "email": "test123454@gmail.com", "name": "test123", "phone_number": "9321312312", "role": 2, "is_new": true, "is_active": true, "is_staff": false, "is_superuser": false, "date_joined": "2025-10-25T13:30:00.138Z", "groups": [], "user_permissions": []}}, {"model": "users.customuser", "pk": 7, "fields": {"password": "pbkdf2_sha256$600000$A91gAISB9kcLxhVhmY6ywA$z6eAqWHio2ZcHHGpUPCSfmcMmnK1IHZRbmPd3H6X1Go=", "last_login": null, "email": "test12345423@gmail.com", "name": "test123", "phone_number": "9321312312", "role": 2, "is_new": true, "is_active": true, "is_staff": false, "is_superuser": false, "date_joined": "2025-10-25T13:30:12.602Z", "groups": [], "user_permissions": []}}, {"model": "users.customuser", "pk": 8, "fields": {"password": "pbkdf2_sha256$600000$rJxAnZRriZZCDdka1fA7EB$GKWILLTzzowVjSoIBVBuDCcqzNWxOYWfJsLiBLg+UWA=", "last_login": null, "email": "sanjay123@gmail.com", "name": "Test Name", "phone_number": "9487171248", "role": 2, "is_new": true, "is_active": true, "is_staff": false, "is_superuser": false, "date_joined": "2025-10-25T16:24:04.385Z", "groups": [], "user_permissions": []}}, {"model": "users.customuser", "pk": 9, "fields": {"password": "pbkdf2_sha256$600000$LANJfO43ZyscMngMQrK258$g/fQffK1AQXaq+Rf0PGIwi/C1zbWeKJxw1VRNveTMbw=", "last_login": null, "email": "sanjay1234@gmail.com", "name": "Test Name", "phone_number": "9487171248", "role": 2, "is_new": true, "is_active": true, "is_staff": false, "is_superuser": false, "date_joined": "2025-10-25T16:25:02.978Z", "groups": [], "user_permissions": []}}, {"model": "users.customuser", "pk": 10, "fields": {"password": "pbkdf2_sha256$600000$M0htNZDRmtsdXLVsVSqnLl$kFXC2cSoxGwP6odgXrhREvz+LYOFK4wM7vH26N0bUu4=", "last_login": null, "email": "sanjay1334@gmail.com", "name": "Test Name", "phone_number": "4343432423", "role": 2, "is_new": true, "is_active": true, "is_staff": false, "is_superuser": false, "date_joined": "2025-10-25T16:25:53.557Z", "groups": [], "user_permissions": []}}, {"model": "users.customuser", "pk": 11, "fields": {"password": "pbkdf2_sha256$600000$sxiP2XujTFyrVYfJNNlnAh$afNJTxc5cu5XzvcV06INVKQ5x/2148XkfxzDx7uDZdE=", "last_login": null, "email": "sanjay1324@gmail.com", "name": "Test Name", "phone_number": "4343432423", "role": 2, "is_new": true, "is_active": true, "is_staff": false, "is_superuser": false, "date_joined": "2025-10-25T16:28:20.099Z", "groups": [], "user_permissions": []}}, {"model": "users.customuser", "pk": 12, "fields": {"password": "pbkdf2_sha256$600000$IISFMRSkLHKOI69RXJOZVB$p4G4DGMZsgsQpJ4aOIW3vBjd23DTKlO4ZNhuCcP9+Q4=", "last_login": null, "email": "sanjay1364@gmail.com", "name": "Test Name", "phone_number": "4343432423", "role": 2, "is_new": true, "is_active": true, "is_staff": false, "is_superuser": false, "date_joined": "2025-10-25T16:29:23.788Z", "groups": [], "user_permissions": []}}, {"model": "users.customuser", "pk": 13, "fields": {"password": "pbkdf2_sha256$600000$D2SW0CJeu4El3t9zBcr3PJ$1yhXKNy5cK2ifDeOJXLY9tTpOrywxtHlOIMcVA5g2OQ=", "last_login": null, "email": "sanjay131234@gmail.com", "name": "Test Name", "phone_number": "4343432423", "role": 2, "is_new": true, "is_active": true, "is_staff": false, "is_superuser": false, "date_joined": "2025-10-25T16:30:27.808Z", "groups": [], "user_permissions": []}}, {"model": "users.customuser", "pk": 14, "fields": {"password": "pbkdf2_sha256$600000$vALjzNpQgqSOKdm9Zy7VEv$q+xwEFtrXZFDHw94xHyTjW7vPMIJ0w8PDI84bGqiamg=", "last_login": null, "email": "hello@gmail.co", "name": "Test Name", "phone_number": "4343432423", "role": 2, "is_new": true, "is_active": true, "is_staff": false, "is_superuser": false, "date_joined": "2025-10-25T16:32:47.671Z", "groups": [], "user_permissions": []}}, {"model": "users.hostelmembership", "pk": 1, "fields": {"hostel": 1, "user": 1, "assigned_at": "2025-10-25T12:21:43.622Z"}}, {"model": "users.hostelmembership", "pk": 2, "fields": {"hostel": 2, "user": 4, "assigned_at": "2025-10-25T12:29:06.155Z"}}, {"model": "users.hostelmembership", "pk": 3, "fields": {"hostel": 1, "user": 5, "assigned_at": "2025-10-25T13:29:13.913Z"}}, {"model": "users.hostelmembership", "pk": 4, "fields": {"hostel": 2, "user": 5, "assigned_at": "2025-10-25T13:29:13.913Z"}}, {"model": "users.hostelmembership", "pk": 5, "fields": {"hostel": 1, "user": 6, "assigned_at": "2025-10-25T13:30:00.395Z"}}, {"model": "users.hostelmembership", "pk": 6, "fields": {"hostel": 2, "user": 6, "assigned_at": "2025-10-25T13:30:00.395Z"}}, {"model": "users.hostelmembership", "pk": 7, "fields": {"hostel": 1, "user": 7, "assigned_at": "2025-10-25T13:30:12.862Z"}}, {"model": "users.hostelmembership", "pk": 8, "fields": {"hostel": 2, "user": 7, "assigned_at": "2025-10-25T13:30:12.862Z"}}, {"model": "users.hostelmembership", "pk": 9, "fields": {"hostel": 1, "user": 8, "assigned_at": "2025-10-25T16:24:04.678Z"}}, {"model": "users.hostelmembership", "pk": 10, "fields": {"hostel": 2, "user": 8, "assigned_at": "2025-10-25T16:24:04.678Z"}}, {"model": "users.hostelmembership", "pk": 11, "fields": {"hostel": 1, "user": 9, "assigned_at": "2025-10-25T16:25:03.231Z"}}, {"model": "users.hostelmembership", "pk": 12, "fields": {"hostel": 2, "user": 9, "assigned_at": "2025-10-25T16:25:03.231Z"}}, {"model": "users.hostelmembership", "pk": 13, "fields": {"hostel": 1, "user": 10, "assigned_at": "2025-10-25T16:25:53.683Z"}}, {"model": "users.hostelmembership", "pk": 14, "fields": {"hostel": 2, "user": 10, "assigned_at": "2025-10-25T16:25:53.683Z"}}, {"model": "users.hostelmembership", "pk": 15, "fields": {"hostel": 1, "user": 11, "assigned_at": "2025-10-25T16:28:20.352Z"}}, {"model": "users.hostelmembership", "pk": 16, "fields": {"hostel": 2, "user": 11, "assigned_at": "2025-10-25T16:28:20.352Z"}}, {"model": "users.hostelmembership", "pk": 17, "fields": {"hostel": 1, "user": 12, "assigned_at": "2025-10-25T16:29:23.914Z"}}, {"model": "users.hostelmembership", "pk": 18, "fields": {"hostel": 2, "user": 12, "assigned_at": "2025-10-25T16:29:23.914Z"}}, {"model": "users.hostelmembership", "pk": 19, "fields": {"hostel": 1, "user": 13, "assigned_at": "2025-10-25T16:30:28.092Z"}}, {"model": "users.hostelmembership", "pk": 20, "fields": {"hostel": 2, "user": 13, "assigned_at": "2025-10-25T16:30:28.092Z"}}, {"model": "users.hostelmembership", "pk": 21, "fields": {"hostel": 1, "user": 14, "assigned_at": "2025-10-25T16:32:47.925Z"}}, {"model": "users.hostelmembership", "pk": 22, "fields": {"hostel": 2, "user": 14, "assigned_at": "2025-10-25T16:32:47.925Z"}}, {"model": "hostels.hostel", "pk": 1, "fields": {"name": "Dheeran", "count": 2321}}, {"model": "hostels.hostel", "pk": 2, "fields": {"name": "Elango", "count": 13}}]